{"learner":{"attributes":{"scikit_learn":"{\"_estimator_type\": \"regressor\"}"},"feature_names":["seller_city","shipping_limit_weekday","shipping_limit_hour","shipping_limit_month"],"feature_types":["int","int","int","int"],"gradient_booster":{"model":{"gbtree_model_param":{"num_parallel_tree":"1","num_trees":"10"},"iteration_indptr":[0,1,2,3,4,5,6,7,8,9,10],"tree_info":[0,0,0,0,0,0,0,0,0,0],"trees":[{"base_weights":[-0E0,1.5146868E0,-3.524427E-1,-9.839745E-1,3.4650524E0,2.3939514E0,-1.7864317E0,2.2950704E0,6.361448E-1,4.097857E0,7.656009E-1,-1.1278074E1,-1.2841756E0,3.8410243E-1,6.910654E-2,4.7384244E-1,3.887736E-1,5.0142717E-2,1.1431687E-1,-1.3353518E0,-9.02603E-1,3.8499376E-1,-1.8987791E-1],"categories":[],"categories_nodes":[],"categories_segments":[],"categories_sizes":[],"default_left":[0,0,0,0,0,0,0,0,0,0,0,0,0,0,0,0,0,0,0,0,0,0,0],"id":0,"left_children":[1,-1,3,5,7,9,11,13,-1,15,17,19,21,-1,-1,-1,-1,-1,-1,-1,-1,-1,-1],"loss_changes":[6.0804402E4,0E0,2.6813986E4,2.589566E4,5.246254E3,5.031215E3,3.6677242E4,2.749147E3,0E0,1.5375977E1,7.683948E1,1.4645117E3,2.3139295E4,0E0,0E0,0E0,0E0,0E0,0E0,0E0,0E0,0E0,0E0],"parents":[2147483647,0,0,2,2,3,3,4,4,5,5,6,6,7,7,9,9,10,10,11,11,12,12],"right_children":[2,-1,4,6,8,10,12,14,-1,16,18,20,22,-1,-1,-1,-1,-1,-1,-1,-1,-1,-1],"split_conditions":[1E0,1.5146868E0,2.1E1,5E0,2.3E1,3E0,8E0,2.2E1,6.361448E-1,2E0,4E0,7E0,1E1,3.8410243E-1,6.910654E-2,4.7384244E-1,3.887736E-1,5.0142717E-2,1.1431687E-1,-1.3353518E0,-9.02603E-1,3.8499376E-1,-1.8987791E-1],"split_indices":[2,0,2,2,2,2,2,2,0,2,2,2,2,0,0,0,0,0,0,0,0,0,0],"split_type":[0,0,0,0,0,0,0,0,0,0,0,0,0,0,0,0,0,0,0,0,0,0,0],"sum_hessian":[1.1388E4,2.58E2,1.113E4,9.553E3,1.577E3,1.831E3,7.722E3,1.127E3,4.5E2,8.91E2,9.4E2,3.86E2,7.336E3,5.7E2,5.57E2,2.03E2,6.88E2,5.7E2,3.7E2,1.96E2,1.9E2,7.82E2,6.554E3],"tree_param":{"num_deleted":"0","num_feature":"4","num_nodes":"23","size_leaf_vector":"1"}},{"base_weights":[-0E0,-8.426289E1,1.7526966E0,-3.7498875E1,-1.0256969E2,2.6328714E1,-7.4899483E0,-9.493479E1,2.4251306E0,-1.2065635E1,-8.732611E1,4.2956433E0,7.919706E1,-8.49497E1,1.4953357E0,5.823374E0,-1.2068946E1,2.0837473E1,-1.1160687E1,3.7312267E1,-2.9427996E1,8.360595E0,2.737851E0,-9.824687E1,-6.505695E1,3.729511E0,-4.651656E1,-2.4424286E-1,3.6841996E0,2.323979E0,-5.000946E-1,4.734519E0,2.2883725E0,-9.08127E0,3.185733E-1,-8.432441E0,-1.2472603E1,-3.8628824E0,-8.926929E0,-1.926453E-1,7.4667306E0,-1.2190352E1,-2.1154993E0],"categories":[],"categories_nodes":[],"categories_segments":[],"categories_sizes":[],"default_left":[0,0,0,0,0,0,0,0,0,0,0,0,0,0,0,0,0,0,0,0,0,0,0,0,0,0,0,0,0,0,0,0,0,0,0,0,0,0,0,0,0,0,0],"id":1,"left_children":[1,3,5,7,9,11,13,15,-1,-1,17,19,21,23,25,27,-1,29,-1,31,33,-1,-1,35,37,39,41,-1,-1,-1,-1,-1,-1,-1,-1,-1,-1,-1,-1,-1,-1,-1,-1],"loss_changes":[1.6815315E6,1.93368E5,2.5348965E6,2.4063656E5,3.3150875E4,3.5516242E6,5.644808E6,9.267619E4,0E0,0E0,2.5010494E5,2.3995282E6,2.015315E5,2.149635E5,7.7925475E5,2.4851301E3,0E0,1.4159058E3,0E0,1.5585838E5,2.1352805E6,0E0,0E0,1.72826E5,2.13474E5,2.7873552E6,6.135445E5,0E0,0E0,0E0,0E0,0E0,0E0,0E0,0E0,0E0,0E0,0E0,0E0,0E0,0E0,0E0,0E0],"parents":[2147483647,0,0,1,1,2,2,3,3,4,4,5,5,6,6,7,7,10,10,11,11,12,12,13,13,14,14,15,15,17,17,19,19,20,20,23,23,24,24,25,25,26,26],"right_children":[2,4,6,8,10,12,14,16,-1,-1,18,20,22,24,26,28,-1,30,-1,32,34,-1,-1,36,38,40,42,-1,-1,-1,-1,-1,-1,-1,-1,-1,-1,-1,-1,-1,-1,-1,-1],"split_conditions":[1.5E1,6E0,7.5E1,4E0,9E0,7.2E1,1.23E2,3E0,2.4251306E0,-1.2065635E1,1.1E1,3E1,7.3E1,1E2,1.98E2,2E0,-1.2068946E1,1E1,-1.1160687E1,2.3E1,3.6E1,8.360595E0,2.737851E0,9.9E1,1.13E2,1.95E2,2.1E2,-2.4424286E-1,3.6841996E0,2.323979E0,-5.000946E-1,4.734519E0,2.2883725E0,-9.08127E0,3.185733E-1,-8.432441E0,-1.2472603E1,-3.8628824E0,-8.926929E0,-1.926453E-1,7.4667306E0,-1.2190352E1,-2.1154993E0],"split_indices":[0,0,0,0,0,0,0,0,0,0,0,0,0,0,0,0,0,0,0,0,0,0,0,0,0,0,0,0,0,0,0,0,0,0,0,0,0,0,0,0,0,0,0],"split_type":[0,0,0,0,0,0,0,0,0,0,0,0,0,0,0,0,0,0,0,0,0,0,0,0,0,0,0,0,0,0,0,0,0,0,0,0,0,0,0,0,0,0,0],"sum_hessian":[1.1388E4,2.31E2,1.1157E4,6.6E1,1.65E2,3.049E3,8.108E3,3.4E1,3.2E1,7.2E1,9.3E1,2.153E3,8.96E2,8.42E2,7.266E3,7E0,2.7E1,1.7E1,7.6E1,1.088E3,1.065E3,8.25E2,7.1E1,5.02E2,3.4E2,6.944E3,3.22E2,6E0,1E0,1.6E1,1E0,6.4E2,4.48E2,3.69E2,6.96E2,3.32E2,1.7E2,1.64E2,1.76E2,6.432E3,5.12E2,8E1,2.42E2],"tree_param":{"num_deleted":"0","num_feature":"4","num_nodes":"43","size_leaf_vector":"1"}},{"base_weights":[-4.053165E-3,1.3218554E0,-3.1261942E-1,-8.3868414E-1,2.8663E0,2.2831926E0,-1.5804218E0,1.848054E0,5.384516E-1,3.6988458E-1,9.2820215E-1,-1.0297852E1,-1.1190307E0,3.1340602E-1,5.1085394E-2,5.8870673E-2,1.4212579E-1,-1.1945254E0,-8.492427E-1,7.532293E-2,-2.4490826E-1],"categories":[],"categories_nodes":[],"categories_segments":[],"categories_sizes":[],"default_left":[0,0,0,0,0,0,0,0,0,0,0,0,0,0,0,0,0,0,0,0,0],"id":2,"left_children":[1,-1,3,5,7,9,11,13,-1,-1,15,17,19,-1,-1,-1,-1,-1,-1,-1,-1],"loss_changes":[4.634277E4,0E0,1.8596695E4,2.211995E4,3.9639736E3,3.4644336E3,3.093732E4,1.9017124E3,0E0,0E0,1.3657776E2,8.4521875E2,1.8289422E4,0E0,0E0,0E0,0E0,0E0,0E0,0E0,0E0],"parents":[2147483647,0,0,2,2,3,3,4,4,5,5,6,6,7,7,10,10,11,11,12,12],"right_children":[2,-1,4,6,8,10,12,14,-1,-1,16,18,20,-1,-1,-1,-1,-1,-1,-1,-1],"split_conditions":[1E0,1.3218554E0,2.1E1,5E0,2.3E1,3E0,8E0,2.2E1,5.384516E-1,3.6988458E-1,4E0,7E0,1.4E1,3.1340602E-1,5.1085394E-2,5.8870673E-2,1.4212579E-1,-1.1945254E0,-8.492427E-1,7.532293E-2,-2.4490826E-1],"split_indices":[2,0,2,2,2,2,2,2,0,0,2,2,2,0,0,0,0,0,0,0,0],"split_type":[0,0,0,0,0,0,0,0,0,0,0,0,0,0,0,0,0,0,0,0,0],"sum_hessian":[1.1388E4,2.58E2,1.113E4,9.553E3,1.577E3,1.831E3,7.722E3,1.127E3,4.5E2,8.91E2,9.4E2,3.86E2,7.336E3,5.7E2,5.57E2,5.7E2,3.7E2,1.96E2,1.9E2,3.044E3,4.292E3],"tree_param":{"num_deleted":"0","num_feature":"4","num_nodes":"21","size_leaf_vector":"1"}},{"base_weights":[-3.070031E-3,-2.2383693E-1,1.0211738E0,-1.2629715E-1,-3.091036E0,6.495654E-1,-1.0977308E0,-1.6568229E-1,1.8452913E0,-1.8114348E-1,1.7442103E-2,1.19161285E-1,2.5063917E-1],"categories":[],"categories_nodes":[],"categories_segments":[],"categories_sizes":[],"default_left":[0,0,0,0,0,0,0,0,0,0,0,0,0],"id":3,"left_children":[1,3,-1,5,-1,7,9,-1,11,-1,-1,-1,-1],"loss_changes":[2.5585643E4,3.305943E4,0E0,8.3833125E3,0E0,1.7034406E4,4.503724E3,0E0,1.7188721E3,0E0,0E0,0E0,0E0],"parents":[2147483647,0,0,1,1,3,3,5,5,6,6,8,8],"right_children":[2,4,-1,6,-1,8,10,-1,12,-1,-1,-1,-1],"split_conditions":[6E0,5E0,1.0211738E0,3E0,-3.091036E0,1E0,4E0,-1.6568229E-1,2E0,-1.8114348E-1,1.7442103E-2,1.19161285E-1,2.5063917E-1],"split_indices":[1,1,0,1,0,1,1,0,1,0,0,0,0],"split_type":[0,0,0,0,0,0,0,0,0,0,0,0,0],"sum_hessian":[1.1388E4,1.1149E4,2.39E2,1.1115E4,3.4E1,6.174E3,4.941E3,2.105E3,4.069E3,3.17E3,1.771E3,2.055E3,2.014E3],"tree_param":{"num_deleted":"0","num_feature":"4","num_nodes":"13","size_leaf_vector":"1"}},{"base_weights":[-2.7670686E-3,-2.016385E-1,9.194814E-1,-1.1348524E-1,-2.7907643E0,5.8464235E-1,-9.877921E-1,-1.4912216E-1,1.6611005E0,-1.6303548E-1,1.5699007E-2,1.0725149E-1,2.2558752E-1],"categories":[],"categories_nodes":[],"categories_segments":[],"categories_sizes":[],"default_left":[0,0,0,0,0,0,0,0,0,0,0,0,0],"id":4,"left_children":[1,3,-1,5,-1,7,9,-1,11,-1,-1,-1,-1],"loss_changes":[2.0743955E4,2.6949102E4,0E0,6.789568E3,0E0,1.3802712E4,3.6502969E3,0E0,1.3891055E3,0E0,0E0,0E0,0E0],"parents":[2147483647,0,0,1,1,3,3,5,5,6,6,8,8],"right_children":[2,4,-1,6,-1,8,10,-1,12,-1,-1,-1,-1],"split_conditions":[6E0,5E0,9.194814E-1,3E0,-2.7907643E0,1E0,4E0,-1.4912216E-1,2E0,-1.6303548E-1,1.5699007E-2,1.0725149E-1,2.2558752E-1],"split_indices":[1,1,0,1,0,1,1,0,1,0,0,0,0],"split_type":[0,0,0,0,0,0,0,0,0,0,0,0,0],"sum_hessian":[1.1388E4,1.1149E4,2.39E2,1.1115E4,3.4E1,6.174E3,4.941E3,2.105E3,4.069E3,3.17E3,1.771E3,2.055E3,2.014E3],"tree_param":{"num_deleted":"0","num_feature":"4","num_nodes":"13",